ID,Post Title,Post Content,Image URL
31,t-shirt à rayures avec imprimé et pantalon de survêtement Ensemble,"Style: Casual Couleur: Rayé noir et blanc Type de motif: Rayé, Animal Type du col: Col rond Type de haut: T-shirt Type de bas: style survêtement détails: Cordon Longueur des manches: Manches courtes Type de manches: Classiques Saison: Printemps/Été Type d'ajustement: Coupe régulière Transparent: Non Vêtements traditionnels arabes: OUI Tissu/matériel: Polyester Composition: 97% Polyester , 3% Élasthanne Tissu: Extensibilité légère",http://www.shop.cl92depannage.fr/wp-content/uploads/2021/03/16071527289f373271dca00ecbd6559afa116d8040_thumbnail_600x.jpg
471,Sandales plates à bride de cheville avec ourlet festonné,Style: À la mode Couleur: Doré Type de motif: Unicolore Type: Sandales à lanières Type de brides (cm): Bride de Cheville Bout: Orteil ouvert Taille appropriée: Une taille plus petite Tissu de doublure: Cuir PU Matière Semelle Intérieure: Cuir PU Matière semelle extérieure: Caoutchouc Matière extérieure: Cuir PU,https://www.shop.cl92depannage.fr/wp-content/uploads/2021/03/1564482832936798284_thumbnail_600x799.jpg
490,Sandales à boucle,"Style: Sport Couleur: Noir, beige Type de motif: Unicolore Détails: boucle Type: Sandales de sport Bout: Orteil ouvert Talons: Plate-Forme Hauteur du Talon: Mi-Haut Taille appropriée: Une taille plus petite Matière Semelle Intérieure: plastique Matière semelle extérieure: Mousse plastique Matière extérieure: plastique",https://www.shop.cl92depannage.fr/wp-content/uploads/2021/03/1594004815c73e92095c0ca19d7ee664b318a1c024_thumbnail_600x.jpg
390,Sac à main à motif lettre,"Style: À la mode Type de motif: Lettres Détails: Pompon, Festonné Type: Sacs à poignée Type de brides (cm): Ajustable, Double poignée Composition: 100% Cuir PU Tissu/matériel: Cuir PU Taille du sac: Moyen",https://www.shop.cl92depannage.fr/wp-content/uploads/2021/03/159117447501289a1a4ac7a3b270773a246b9600d7_thumbnail_600x.jpg
506,Sac à dos design de chat,Couleur: Rose bonbon Sexe: Filles Type de motif: Cartoon Taille du sac: Petit Composition: 100% Cuir PU,https://www.shop.cl92depannage.fr/wp-content/uploads/2021/03/1571300877d82c1f1535bb64a1d4b69d448eb0a2eb_thumbnail_600x.jpg
18,Robe body 2 en 1 pour bébé fille à imprimé fleurs avec serre-tête,Style: Mignon Couleur: Multicolore Type de motif: Floral Type du col: Col en V Longueur: Court détails: Dentelle contrastée Longueur des manches: Sans manches Saison: Été Tour de taille: Taille haute Type d'ajustement: Coupe régulière Transparent: Non Sexe: Filles Tissu/matériel: Polyester Composition: 100% Polyester Tissu: Extensibilité légère,http://www.shop.cl92depannage.fr/wp-content/uploads/2021/03/159617905466fcbd8cc90a328faf7be2a797a28ca3_thumbnail_600x.jpg
335,Robe avec imprimé floral et plis,Style: Bohème Couleur: Bleu marine Type de motif: Floral Type du col: Col rond Longueur: Long Type: Trapèze Détails: Froncé Longueur des manches: Manches longues Saison: Printemps/automne Tour de taille: Taille haute Type d'ajustement: Coupe régulière Ourlet/finition: Évasé Tissu/matériel: Polyester Composition: 100% Polyester Tissu: Pas de l'extensibilité,https://www.shop.cl92depannage.fr/wp-content/uploads/2021/03/15649860803174982602_thumbnail_600x799.jpg
511,Pendants d'oreilles à perles,Détails: Perle Couleur Métallique: Doré Tissu/matériel: Perle Couleur: Doré Type: Pendentif d'oreille Style: Glamour,https://www.shop.cl92depannage.fr/wp-content/uploads/2021/03/16124952677e0b9d43219507ff6eab4ad8f9eb0440_thumbnail_600x.jpg
411,Homme Sac à bandoulière minimaliste,Couleur: Noir Type de motif: Unicolore Type de brides (cm): Ajustable Magnétique: Non Taille du sac: Petit Composition: 100% Polyester Tissu/matériel: Polyester,https://www.shop.cl92depannage.fr/wp-content/uploads/2021/03/15941031774fe811bf3649cb530398fd6473975859_thumbnail_600x.jpg
405,Homme Portefeuille à rabat avec dragonne,"Couleur: Noir, Marron Type de motif: Unicolore Magnétique: Non Taille du sac: Petit Composition: 95% Cuir PU, 5% Polyester Type de motif: Unicolore Magnétique: Non Taille du sac: Petit Composition: 95% Cuir PU, 5% Polyester",https://www.shop.cl92depannage.fr/wp-content/uploads/2021/03/159823358878293d8dcbb96c0e5cf5b68be0bbf3d9_thumbnail_600x.jpg
669,Homme Gants à lettres,,https://www.shop.cl92depannage.fr/wp-content/uploads/2021/03/160499145041ffe7a940c317bb48898173ba2bba30_thumbnail_600x.jpg
554,Homme Chaussures skate-board à lacets,,https://www.shop.cl92depannage.fr/wp-content/uploads/2021/03/1616152494dfa0314c3afc2b0b046de4a5e8544744_thumbnail_600x.jpg
565,Homme Baskets à lacets,Type de motif: Blocs de couleur Taille appropriée: Fidèle à la pointure Type de brides (cm): Lacets Matière Semelle Intérieure: Tulle Matière extérieure: Tulle Matière semelle extérieure: Caoutchouc,https://www.shop.cl92depannage.fr/wp-content/uploads/2021/03/1610932952fdcb17d4f3193ea45b9d864e99d98411_thumbnail_600x.jpg
369,Gants longs de protection solaire - Blanc,,https://www.shop.cl92depannage.fr/wp-content/uploads/2021/03/161482869968f31af43916630b19936ba5b0ade941_thumbnail_600x.jpg
70,Ensemble de survetement avec blocs de couleurs,,https://www.shop.cl92depannage.fr/wp-content/uploads/2021/03/1597713647364f1d845728cb408862c5c248b0907a_thumbnail_600x.jpg
433,Enfant Sac à dos à motif dinosaure - Bleu-vert,,https://www.shop.cl92depannage.fr/wp-content/uploads/2021/03/160550780533074f686a516324a6b489918bf8e1b2_thumbnail_600x.jpg
623,Chemise à capuche avec carreaux,Style: BCBG Couleur: Multicolore Type de motif: Carreau Type du col: Capuche Longueur: Classique Type: Chemise Détails: Avec boutons devant Longueur des manches: Manches longues Type de manches: Classiques Saison: Printemps/automne Type d'ajustement: Coupe régulière Transparent: Non Type de fermeture: Patte Tissu/matériel: Coton Composition: 100% Coton Tissu: Pas de l'extensibilité,https://www.shop.cl92depannage.fr/wp-content/uploads/2021/03/1606702377ce8ca99d4ba48c59c55e2d778110411c_thumbnail_600x.jpg
363,Chapeau de paille avec nœud papillon,Couleur: Beige Type de motif: Unicolore Saison: Printemps/automne Style: Casual Type: Chapeau en paille Sexe: Filles Tissu/matériel: Paille Composition: 100% Paille,https://www.shop.cl92depannage.fr/wp-content/uploads/2021/03/16155323449c1d83c29afffd81c6ddcbd079e4c3e8_thumbnail_600x.jpg
379,Chapeau à visière avec broderie - Beige,,https://www.shop.cl92depannage.fr/wp-content/uploads/2021/03/160920942902891907ffc67c0dc2f04cc4885a8380_thumbnail_600x.jpg
385,Casquette de base-ball avec broderies,Couleur: Blanc Type de motif: Floral Saison: Printemps/automne Style: Casual Type: Casquette de base-ball Composition: 100% Coton,https://www.shop.cl92depannage.fr/wp-content/uploads/2021/03/1583823311bcfcdddfb0de6c1bacdcc930b9effef6_thumbnail_600x.jpg
287,Brosse nettoyante pour le visage électronique,"Couleur:
Rose bonbon
Type:
Brosses nettoyantes
Tissu/matériel:
Gel de silice
Alimentation:
Chargeur USB
Hauteur :
8 cm
Largeur :
8.6 cm
Longueur :
11.8 cm",https://www.shop.cl92depannage.fr/wp-content/uploads/2021/03/16034316887214a35899c85b3cc2941dcd49cf9bad_thumbnail_600x.jpg
588,Brosse à dents électrique simple - Blanc,,https://www.shop.cl92depannage.fr/wp-content/uploads/2021/03/1603359465f8ff38cd56fde3c0f5a27fa2d8ba1602_thumbnail_600x.jpg
526,Bracelet de montre Apple en silicone respirant - Bleu Ciel,,https://www.shop.cl92depannage.fr/wp-content/uploads/2021/03/1610430358d2467158192aa151d93f9af97e8bb793_thumbnail_600x.jpg
517,Bracelet de montre Apple en silicone respirant,"Marque: iPhone Couleur: Bleu marine, bleu ciel, kaki, beige,  lemon, orange, rose Type de motif: Unicolore Type: Bracelet de montre Tissu/matériel: Gel de silice",https://www.shop.cl92depannage.fr/wp-content/uploads/2021/03/161371200790d7eadf5c2d2fea36d8bef691459433_thumbnail_600x.jpg
544,Bracelet de montre Apple en silicone à motif tissé - Noir,,https://www.shop.cl92depannage.fr/wp-content/uploads/2021/03/1613787464491c3d9fcae8903c74f897ab73b0cc88_thumbnail_600x.jpg
540,Bracelet de montre Apple en silicone à motif tissé - Blanc,,https://www.shop.cl92depannage.fr/wp-content/uploads/2021/03/1613787474d34ee37a7e6a36abc37087fc66ede013_thumbnail_600x.jpg
467,Baskets à lacets,Style: BCBG Couleur: Blanc Type de motif: Blocs de couleur Type: Chaussures de skate-board Type de brides (cm): Lacets Bout: Bout rond Hauteur supérieure: Chaussures basses Taille appropriée: Fidèle à la pointure Matière Semelle Intérieure: Cuir PU Matière semelle extérieure: TPR Matière extérieure: Cuir PU,https://www.shop.cl92depannage.fr/wp-content/uploads/2021/03/16159444371567a8f1332b82c7cdec8f3dc125e7d2_thumbnail_600x.jpg
454,6 paires Boucles d'oreilles avec fausse perle,"Détails: Cœur, Perle Composition: 70% Alliage, 10% Perle, 10% Polyester , 10% Strass Couleur Métallique: Doré Tissu/matériel: Métallique Couleur: Multicolore Type: Ensembles Style: Casual",https://www.shop.cl92depannage.fr/wp-content/uploads/2021/03/157839472275a9fbd34f2c08feb038955a50837429_thumbnail_600x.jpg
140,5 pièces Fille Set de sacs avec poche,"Couleur: Rose bonbon Sexe: Filles Type de motif: Cartoon, Lettres Type de brides (cm): Ajustable, Double poignée Taille du sac: Grand Composition: 100% Canevas Tissu/matériel: Canevas",http://www.shop.cl92depannage.fr/wp-content/uploads/2021/03/1608529856cd440b264d5b400e8ff7b9e504a16a51_thumbnail_600x.jpg
425,3 pièces Homme Set de sac à lettre - Noir,,https://www.shop.cl92depannage.fr/wp-content/uploads/2021/03/159738444202588ce6298297cfa15943ba2d99f3f1_thumbnail_600x.jpg
417,3 pièces Homme Set de sac à lettre,"Couleur: Gris, Noir Type de motif: Lettres Type de brides (cm): Ajustable Taille du sac: Grand Composition: 100% Oxford Tissu/matériel: Oxford",https://www.shop.cl92depannage.fr/wp-content/uploads/2021/03/1596089064f1183b63c88663e627292995ac98dd20_thumbnail_600x.jpg
617,2 pièces Homme Chapeau de baseball avec broderie,Couleur: Rayé noir et blanc Saison: Printemps/automne Style: Casual Type: Casquette de base-ball Tissu/matériel: Mélange coton Composition: 100% Mélange coton,https://www.shop.cl92depannage.fr/wp-content/uploads/2021/03/15922124727439e02f98993fbfc83e81113b8f422f_thumbnail_600x.jpg
55,Jupe longue et ample plissée noire,,https://www.elora.com/1623/jupe-originale.jpg
98,Jupe longue noire évasée,,https://www.elora.com/4952-thickbox_default/jupe-19terminal.jpg
67,Jupe COP COPINE PERPLEXE Noir COP COPINE,,https://th.bing.com/th/id/OIP.JYy8WYDvrl7QdKmohsOxjAHaJV?pid=ImgDet&w=207&h=260&c=7&dpr=1.3
88,Jupe crayon en point de Rome,,https://www.mezzebarnyc.com/wp-content/uploads/2018/11/jupe-crayon-en-point-de-rome-c3a0-carreaux-marron-avec-bordure-c3a0-volants-marron-femme-river-island-jupes.jpg
111,Robe longue bleu ciel simple,,https://www.persun.fr/img/LF170906/l/robe-bleu-longue-simple-pour-mariage.jpg
112,Robe turquoise longue de soirée simple,,https://www.robedesoireelongue.fr/robe-turquoise-longue-de-soiree-simple-encolure-en-v-pour-ceremonie-anniversaire-img-LF170932-v-robe-de-soiree-col-v-vert-menthe-bustier-plisse.jpg
113,homme Pull,,https://img.ltwebstatic.com/images3_pi/2021/08/20/1629450677c9410d6334782598be06d819f815a77d_thumbnail_900x.webp
114,Pull homme 2-en-1 empiècement col chemise,,"https://witt-gruppe-res.cloudinary.com/t_fr,$w_460,f_auto/p/051.00ZUK92342-A09.001.jpg"
115,Pull d'hiver pour Hommes Col Rond,"Pull Décontracté de Couleur Contrastée,",https://www.cdiscount.com/pdt2/2/2/4/1/700x700/mp55161224/rw/pull-d-hiver-pour-hommes-pulls-d-exterieur-chauds.jpg
116,Chemise à manches courtes superbes motifs à carreaux,"Matière100% coton 
Conseils d'entretienLavable en machine à 30°C 
Type de colCol Oxford 
Longueur de manchesManches courtes","https://witt-gruppe-res.cloudinary.com/t_fr,$w_310,f_auto/p/494.67ZUK55040-A13.001.jpg"
117,SANDALE À TALON TYLIA,"Matière : TEXTILE GLITTER 
Doublure : CUIR DE CHEVRE 
Pays de fabrication : CHINE POPULAIRE 
Semelle extérieure : GOMME 
Talon : 10 cm",https://www.minelliparis.com/fstrz/r/s/www.minelliparis.com/dw/image/v2/BCLB_PRD/on/demandware.static/-/Sites-MIN-master-catalog/default/dw8292f8ef/images/F930027GLI_PLATINE_B.jpg?sw=818&sh=900&sm=fit
118,Homme Chemise boutonnée,hemise à col Noir Blanche Rouge manche longue Rayé Col Mariage Travail Vêtement Tenue,https://litb-cgis.rightinthebox.com/images/640x853/202107/bps/product/inc/oqxtef1626145496326.jpg
119,Sandales et nu-pieds femme,,https://cdn.sarenza.cloud/_img/productsv4/0000360921/0000360921_639489_09_504x690.jpg?202304110942&v=20180830155342
120,"Sandales femme et nu-pieds : sandales cuir, chics, plates et talons",,https://encrypted-tbn0.gstatic.com/images?q=tbn:ANd9GcS1vJCV0DQQwg25U-NKCTf_mDPzcrTGnHTFSw&usqp=CAU
121,Sandales femme cuir noire,Marque : Mes jolis nu pieds,https://encrypted-tbn0.gstatic.com/images?q=tbn:ANd9GcSxEa_BkdWyNcUoq0rfERHKDjHVVwxt2Iirdg&usqp=CAU
122,Sandales plates femme en cuir,,https://encrypted-tbn0.gstatic.com/images?q=tbn:ANd9GcTPIocRWwSTzXUXlDX3MfDLrJGDztPN2Vf68A&usqp=CAU
123,Sandales Femme | Claudie Pierlot Sandales à boucle en métal Noir,,https://encrypted-tbn0.gstatic.com/images?q=tbn:ANd9GcRFpab-RUCrz9QzlAGJB88_jpltNBKGSdIjgsFU0fJdKaq8nIBGUQjS9y_e5u-SYri3ZRc&usqp=CAU
124,Petit sac à main à rabat noire,,https://encrypted-tbn0.gstatic.com/images?q=tbn:ANd9GcQwhaR6GNVWcu_2Sf1qKOStV8--0b4s5S_jtQ&usqp=CAU
125,gants fourrure,,https://encrypted-tbn0.gstatic.com/images?q=tbn:ANd9GcRvjHdhgcRpaSEJQIwyS-1jPjQo83GzfUOCRQ&usqp=CAU
126,Gants Femme Tricot Mérinos Beige Crémeux,,https://cdn.shopify.com/s/files/1/0218/1401/8128/products/Womens-knit-gloves-creamy-beige_1_1200x.jpg?v=1654085623
127,Gants Femme Hiver Plus Velours,,https://www.cdiscount.com/pdt2/6/0/7/1/700x700/pez0644824568607/rw/gants-femme-hiver-plus-velours-epais-gants-d-equit.jpg
128,Sac demi-lune femme,,https://encrypted-tbn0.gstatic.com/images?q=tbn:ANd9GcQT5JU47VVhMz-nc6QbFnMKzynlcMuyoM91Hg&usqp=CAU
129,Sac à main vegan femme,,https://ocarat.twic.pics/313879-thickbox_default/sac-a-main-cuir-vegan-boxbag-cactus-leather-black-trashious.jpg
130,Petit sac bandoulière noir,cuir.bandoulière fine et deux poignées Profondeur .,https://lp2.hm.com/hmgoepprod?set=quality%5B79%5D%2Csource%5B%2Fa0%2Fc6%2Fa0c615461c8cb65c241f575c6a882493333e70d2.jpg%5D%2Corigin%5Bdam%5D%2Ccategory%5Bladies_accessories_bags_shouldercrossbags%5D%2Ctype%5BDESCRIPTIVESTILLLIFE%5D%2Cres%5Bm%5D%2Chmver%5B2%5D&call=url[file:/product/main]
131,"Sac à bandoulière en cuir PU pour femmes, sac à rabat plissé avec Mini porte-monnaie",,https://ae01.alicdn.com/kf/Sd33129eb5c3e45dc8f8a3d48b3c11613H.jpg
132,enfants petites filles 'robe à pois une ligne robe quotidien rouge asymétrique à manches courtes princesse,,https://litb-cgis.rightinthebox.com/images/640x853/202205/bps/product/inc/fxpoza1652343582574.jpg
133,enfants filles 'robe couleur unie licou cou robe au-dessus du genou robe école licou hors épaule sans manches robe,,https://litb-cgis.rightinthebox.com/images/640x640/202302/bps/product/inc/nwueyg1676270346341.jpg?fmt=webp&v=1
134,Robe Enfants Fille Feuille Robe d’été Mi-long Robe Ecole Col Ras du Cou Manche Courte,,https://litb-cgis.rightinthebox.com/images/640x640/202303/bps/product/inc/nqyxug1680249994953.jpg?fmt=webp&v=1
135,Robe Enfants Fille Floral Robe Trapèze Mi-long Robe Ecole Col Ras du Cou Manche Courte Adorable,,https://litb-cgis.rightinthebox.com/images/640x640/202303/bps/product/inc/uwzjnw1678331765129.jpg
136,3 COLLIERS CHAINES TRAVAILLEES ET PENDENT SOLEIL,,https://moaparis.com/media/mf_webp/jpg/media/catalog/product/cache/cdff74ed9aa699c14f52e23fceb4ff7b/1/2/128532.webp
137,"Collier triple chaines dorées , feuilles, disques et anneau",,https://i2.cdscdn.com/pdt2/1/8/2/1/700x700/auc2009828819182/rw/collier-triple-chaines-dorees-feuilles-disques.jpg
138,Lot de 3 bagues ,à motif œil et pierre turquoise - Doré,https://th.bing.com/th/id/OIP.CORGdlEiHC_TmCZJR3FpcgHaJd?pid=ImgDet&rs=1
139,Lot de 3 bagues ,,https://lp2.hm.com/hmgoepprod?set=quality[79]%2Csource[%2Ffb%2Fd9%2Ffbd9a6c4f36fd05f58ed01e1d8d6f97ac86149f1.jpg]%2Corigin[dam]%2Ccategory[men_accessories]%2Ctype[DESCRIPTIVESTILLLIFE]%2Cres[m]%2Chmver[1]&call=url[file:/product/main]
140,Chapeau Femme Capeline foulard ,,https://cdn.shopify.com/s/files/1/0268/6907/1990/products/Chapeau-femme-capeline-foulard-Isotoner-01406-FDJ-2_1003x1003_crop_center.jpg?v=1614671390
141, Chapeau Femme Casquette Paille Chapeau,,https://m.media-amazon.com/images/W/IMAGERENDERING_521856-T1/images/I/71SNau4gOaL._AC_UL1001_.jpg
142,"Casquette,Chapeau de paille à cloche",,https://www.cdiscount.com/pdt2/8/9/6/1/700x700/auc9458042133896/rw/casquette-chapeau-de-paille-a-cloche-pour-femmes-a.jpg
143,Chapeaux et casquettes pour femme,,https://calvinklein-eu.scene7.com/is/image/CalvinKleinEU/K60K610525_TQP_main?$listing@2x$
144,boucle d'oreille pendante boucle d'oreille,,https://i.etsystatic.com/16608418/r/il/bf657f/2320388515/il_fullxfull.2320388515_g5n8.jpg
145,gants classique ,,https://www.gloveme.net/images/prodotti/01/0100013800_small.jpg
146,gants chic,,https://gloveme.net/images/prodotti/01/0100010500.jpg
147,boucle d'oreille,,https://cdn.shopify.com/s/files/1/0267/5569/4640/products/IMG_1729_befdbb8f-9412-40a2-a7e4-b1cc8e181ddf_1174x.jpg?v=1670099882
148,Boucles d'oreilles montantes,,https://cdn.shopify.com/s/files/1/0669/7335/products/boucles-montantes-strass-plaque-or_bf5be582-9e48-4c24-b994-d9fe9c2f0540.jpg?v=1572360433&width=493
149, Ensembles Enfants  Survêtement Jogging,,https://m.media-amazon.com/images/I/61Ug47Z0gbL._AC_UX569_.jpg
150,Survêtement Enfant   Ensemble de Sport  ,,https://m.media-amazon.com/images/I/51OTj3nxSoL._AC_UX679_.jpg
151,Survêtement Enfant  Ensemble de Sport  ,,https://m.media-amazon.com/images/I/61Xy-xniGVL._AC_UX569_.jpg
